0,-0.023636,0.00042015
1.0005,-0.023216,0.00042272
2.001,-0.022791,0.00042789
3.0015,-0.02236,0.00043312
4.002,-0.021924,0.00043842
5.0025,-0.021483,0.00044378
6.003,-0.021036,0.0004492
7.0035,-0.020584,0.00045469
8.004,-0.020126,0.00046025
9.0045,-0.019663,0.00046587
10.005,-0.019194,0.00047156
11.006,-0.018719,0.00047732
12.006,-0.018239,0.00048315
13.007,-0.017752,0.00048905
14.007,-0.01726,0.00049502
15.008,-0.016762,0.00050106
16.008,-0.016258,0.00050718
17.009,-0.015747,0.00051336
18.009,-0.01523,0.00051963
19.01,-0.014707,0.00052596
20.01,-0.014178,0.00053238
21.011,-0.013642,0.00053887
22.011,-0.0131,0.00054543
23.012,-0.012551,0.00055208
24.012,-0.011995,0.0005588
25.013,-0.011432,0.00056561
26.013,-0.010863,0.00057249
27.014,-0.010287,0.00057946
28.014,-0.0097036,0.00058651
29.015,-0.0091132,0.00059365
30.015,-0.0085157,0.00060087
31.016,-0.0079109,0.00060817
32.016,-0.0072987,0.00061556
33.017,-0.0066791,0.00062304
34.017,-0.006052,0.00063061
35.018,-0.0054173,0.00063827
36.018,-0.0047748,0.00064601
37.019,-0.0041246,0.00065385
38.019,-0.0034665,0.00066178
39.02,-0.0028004,0.00066981
40.02,-0.0021262,0.00067793
41.021,-0.0014439,0.00068614
42.021,-0.00075324,0.00069445
43.022,-5.4262e-05,0.00070285
44.022,0.00065317,0.00071136
45.023,0.0013692,0.00071996
46.023,0.0020938,0.00072867
47.024,0.0028272,0.00073747
48.024,0.0035695,0.00074638
49.025,0.0043207,0.00075539
50.025,0.005081,0.0007645
51.026,0.0058505,0.00077372
52.026,0.0066293,0.00078305
53.027,0.0074174,0.00079248
54.027,0.008215,0.00080202
55.028,0.0090222,0.00081167
56.028,0.0098392,0.00082143
57.029,0.010666,0.0008313
58.029,0.011503,0.00084129
59.03,0.012349,0.00085138
60.03,0.013206,0.0008616
61.031,0.014073,0.00087192
62.031,0.014951,0.00088237
63.032,0.015839,0.00089293
64.032,0.016738,0.00090361
65.033,0.017647,0.0009144
66.033,0.018567,0.00092532
67.034,0.019499,0.00093636
68.034,0.020441,0.00094752
69.035,0.021395,0.00095881
70.035,0.02236,0.00097022
71.036,0.023336,0.00098175
72.036,0.024324,0.00099342
73.037,0.025324,0.0010052
74.037,0.026336,0.0010171
75.038,0.027359,0.0010292
76.038,0.028395,0.0010413
77.039,0.029443,0.0010536
78.039,0.030503,0.0010661
79.04,0.031576,0.0010787
80.04,0.032662,0.0010914
81.041,0.03376,0.0011042
82.041,0.034871,0.0011172
83.042,0.035995,0.0011303
84.042,0.037133,0.0011435
85.043,0.038284,0.0011569
86.043,0.039448,0.0011704
87.044,0.040626,0.0011841
88.044,0.041817,0.0011979
89.045,0.043022,0.0012118
90.045,0.044242,0.0012259
91.046,0.045475,0.0012401
92.046,0.046723,0.0012544
93.047,0.047985,0.0012689
94.047,0.049262,0.0012836
95.048,0.050554,0.0012983
96.048,0.05186,0.0013133
97.049,0.053182,0.0013283
98.049,0.054518,0.0013435
99.05,0.05587,0.0013589
100.05,0.057237,0.0013744
101.05,0.05862,0.00139
102.05,0.060019,0.0014058
103.05,0.061433,0.0014217
104.05,0.062864,0.0014378
105.05,0.06431,0.001454
106.05,0.065773,0.0014703
107.05,0.067252,0.0014868
108.05,0.068748,0.0015035
109.05,0.070261,0.0015202
110.06,0.07179,0.0015371
111.06,0.073337,0.0015542
112.06,0.0749,0.0015714
113.06,0.076481,0.0015887
114.06,0.078079,0.0016062
115.06,0.079695,0.0016238
116.06,0.081328,0.0016415
117.06,0.08298,0.0016594
118.06,0.084649,0.0016773
119.06,0.086336,0.0016955
120.06,0.088041,0.0017137
121.06,0.089765,0.0017321
122.06,0.091507,0.0017506
123.06,0.093268,0.0017692
124.06,0.095047,0.0017879
125.06,0.096846,0.0018068
126.06,0.098663,0.0018258
127.06,0.1005,0.0018448
128.06,0.10235,0.001864
129.06,0.10423,0.0018833
130.07,0.10612,0.0019027
131.07,0.10804,0.0019222
132.07,0.10997,0.0019418
133.07,0.11192,0.0019615
134.07,0.11389,0.0019812
135.07,0.11589,0.0020011
136.07,0.1179,0.002021
137.07,0.11993,0.002041
138.07,0.12198,0.0020611
139.07,0.12405,0.0020812
140.07,0.12615,0.0021014
141.07,0.12826,0.0021216
142.07,0.13039,0.0021419
143.07,0.13255,0.0021622
144.07,0.13472,0.0021826
145.07,0.13691,0.002203
146.07,0.13913,0.0022234
147.07,0.14136,0.0022438
148.07,0.14362,0.0022642
149.07,0.14589,0.0022846
150.08,0.14819,0.002305
151.08,0.1505,0.0023254
152.08,0.15284,0.0023458
153.08,0.1552,0.0023661
154.08,0.15758,0.0023864
155.08,0.15997,0.0024067
156.08,0.16239,0.0024269
157.08,0.16483,0.002447
158.08,0.16729,0.002467
159.08,0.16977,0.0024869
160.08,0.17226,0.0025068
161.08,0.17478,0.0025265
162.08,0.17732,0.0025461
163.08,0.17988,0.0025655
164.08,0.18245,0.0025848
165.08,0.18505,0.002604
166.08,0.18766,0.002623
167.08,0.1903,0.0026418
168.08,0.19295,0.0026603
169.08,0.19562,0.0026787
170.09,0.19831,0.0026969
171.09,0.20102,0.0027148
172.09,0.20374,0.0027325
173.09,0.20649,0.0027499
174.09,0.20925,0.002767
175.09,0.21202,0.0027838
176.09,0.21482,0.0028004
177.09,0.21763,0.0028166
178.09,0.22045,0.0028324
179.09,0.22329,0.002848
180.09,0.22615,0.0028631
181.09,0.22902,0.0028779
182.09,0.23191,0.0028922
183.09,0.23481,0.0029062
184.09,0.23772,0.0029197
185.09,0.24065,0.0029328
186.09,0.24359,0.0029454
187.09,0.24655,0.0029576
188.09,0.24951,0.0029692
189.09,0.25249,0.0029804
190.1,0.25547,0.002991
191.1,0.25847,0.0030011
192.1,0.26148,0.0030107
193.1,0.2645,0.0030196
194.1,0.26752,0.0030281
195.1,0.27056,0.0030359
196.1,0.2736,0.0030431
197.1,0.27664,0.0030497
198.1,0.2797,0.0030556
199.1,0.28276,0.003061
200.1,0.28582,0.0030656
201.1,0.28889,0.0030696
202.1,0.29197,0.0030729
203.1,0.29504,0.0030756
204.1,0.29812,0.0030775
205.1,0.3012,0.0030787
206.1,0.30428,0.0030792
207.1,0.30736,0.003079
208.1,0.31044,0.003078
209.1,0.31352,0.0030763
210.11,0.3166,0.0030738
211.11,0.31967,0.0030706
212.11,0.32274,0.0030667
213.11,0.32581,0.0030619
214.11,0.32887,0.0030564
215.11,0.33192,0.0030502
216.11,0.33497,0.0030431
217.11,0.33801,0.0030353
218.11,0.34105,0.0030267
219.11,0.34407,0.0030174
220.11,0.34708,0.0030073
221.11,0.35009,0.0029964
222.11,0.35308,0.0029848
223.11,0.35606,0.0029724
224.11,0.35903,0.0029592
225.11,0.36198,0.0029453
226.11,0.36492,0.0029307
227.11,0.36785,0.0029154
228.11,0.37075,0.0028993
229.11,0.37365,0.0028825
230.12,0.37652,0.0028651
231.12,0.37938,0.0028469
232.12,0.38222,0.0028281
233.12,0.38504,0.0028086
234.12,0.38784,0.0027885
235.12,0.39062,0.0027677
236.12,0.39338,0.0027463
237.12,0.39611,0.0027244
238.12,0.39883,0.0027018
239.12,0.40152,0.0026787
240.12,0.40419,0.0026551
241.12,0.40683,0.0026309
242.12,0.40945,0.0026062
243.12,0.41205,0.0025811
244.12,0.41462,0.0025555
245.12,0.41716,0.0025294
246.12,0.41968,0.0025029
247.12,0.42217,0.002476
248.12,0.42463,0.0024488
249.12,0.42707,0.0024211
250.13,0.42948,0.0023932
251.13,0.43186,0.0023649
252.13,0.43421,0.0023363
253.13,0.43653,0.0023075
254.13,0.43883,0.0022784
255.13,0.44109,0.0022491
256.13,0.44333,0.0022196
257.13,0.44553,0.00219
258.13,0.44771,0.0021601
259.13,0.44986,0.0021301
260.13,0.45197,0.0021001
261.13,0.45406,0.0020699
262.13,0.45612,0.0020396
263.13,0.45814,0.0020093
264.13,0.46014,0.001979
265.13,0.4621,0.0019487
266.13,0.46404,0.0019183
267.13,0.46594,0.001888
268.13,0.46781,0.0018578
269.13,0.46966,0.0018276
270.14,0.47147,0.0017975
271.14,0.47325,0.0017675
272.14,0.47501,0.0017376
273.14,0.47673,0.0017078
274.14,0.47842,0.0016782
275.14,0.48009,0.0016488
276.14,0.48172,0.0016195
277.14,0.48333,0.0015904
278.14,0.48491,0.0015615
279.14,0.48645,0.0015328
280.14,0.48797,0.0015044
281.14,0.48946,0.0014762
282.14,0.49093,0.0014483
283.14,0.49236,0.0014206
284.14,0.49377,0.0013932
285.14,0.49515,0.001366
286.14,0.4965,0.0013392
287.14,0.49783,0.0013126
288.14,0.49913,0.0012864
289.14,0.5004,0.0012604
290.15,0.50165,0.0012348
291.15,0.50287,0.0012095
292.15,0.50407,0.0011845
293.15,0.50524,0.0011598
294.15,0.50639,0.0011355
295.15,0.50752,0.0011115
296.15,0.50862,0.0010879
297.15,0.50969,0.0010646
298.15,0.51075,0.0010417
299.15,0.51178,0.0010191
300.15,0.51279,0.00099682
301.15,0.51377,0.00097493
302.15,0.51474,0.00095339
303.15,0.51568,0.0009322
304.15,0.5166,0.00091137
305.15,0.5175,0.00089089
306.15,0.51838,0.00087076
307.15,0.51925,0.00085098
308.15,0.52009,0.00083156
309.15,0.52091,0.00081248
310.16,0.52171,0.00079375
311.16,0.5225,0.00077537
312.16,0.52327,0.00075733
313.16,0.52401,0.00073963
314.16,0.52475,0.00072227
315.16,0.52546,0.00070524
316.16,0.52616,0.00068855
317.16,0.52684,0.00067218
318.16,0.5275,0.00065615
319.16,0.52815,0.00064043
320.16,0.52878,0.00062504
321.16,0.5294,0.00060996
322.16,0.53,0.00059519
323.16,0.53059,0.00058073
324.16,0.53117,0.00056658
325.16,0.53173,0.00055272
326.16,0.53227,0.00053916
327.16,0.5328,0.0005259
328.16,0.53332,0.00051292
329.16,0.53383,0.00050022
330.17,0.53432,0.00048781
331.17,0.53481,0.00047566
332.17,0.53528,0.00046379
333.17,0.53573,0.00045219
334.17,0.53618,0.00044084
335.17,0.53662,0.00042976
336.17,0.53704,0.00041892
337.17,0.53745,0.00040834
338.17,0.53786,0.000398
339.17,0.53825,0.00038789
340.17,0.53863,0.00037803
341.17,0.53901,0.00036839
342.17,0.53937,0.00035898
343.17,0.53973,0.00034979
344.17,0.54007,0.00034082
345.17,0.54041,0.00033207
346.17,0.54074,0.00032352
347.17,0.54106,0.00031518
348.17,0.54137,0.00030703
349.17,0.54167,0.00029909
350.18,0.54197,0.00029134
351.18,0.54225,0.00028378
352.18,0.54253,0.0002764
353.18,0.54281,0.0002692
354.18,0.54307,0.00026218
355.18,0.54333,0.00025533
356.18,0.54358,0.00024866
357.18,0.54383,0.00024214
358.18,0.54407,0.00023579
359.18,0.5443,0.0002296
360.18,0.54453,0.00022357
361.18,0.54475,0.00021768
362.18,0.54496,0.00021195
363.18,0.54517,0.00020636
364.18,0.54538,0.0002009
365.18,0.54557,0.00019559
366.18,0.54577,0.00019042
367.18,0.54595,0.00018537
368.18,0.54614,0.00018045
369.18,0.54632,0.00017566
370.19,0.54649,0.00017099
371.19,0.54666,0.00016645
372.19,0.54682,0.00016201
373.19,0.54698,0.0001577
374.19,0.54714,0.00015349
375.19,0.54729,0.0001494
376.19,0.54744,0.0001454
377.19,0.54758,0.00014152
378.19,0.54772,0.00013773
379.19,0.54786,0.00013404
380.19,0.54799,0.00013045
381.19,0.54812,0.00012695
382.19,0.54824,0.00012355
383.19,0.54836,0.00012023
384.19,0.54848,0.000117
385.19,0.5486,0.00011386
386.19,0.54871,0.00011079
387.19,0.54882,0.00010781
388.19,0.54893,0.00010491
389.19,0.54903,0.00010208
390.2,0.54913,9.9328e-05
391.2,0.54923,9.6649e-05
392.2,0.54932,9.404e-05
393.2,0.54942,9.1501e-05
394.2,0.54951,8.9029e-05
395.2,0.54959,8.6622e-05
396.2,0.54968,8.428e-05
397.2,0.54976,8.2e-05
398.2,0.54984,7.9781e-05
399.2,0.54992,7.762e-05
400.2,0.55,7.5518e-05
401.2,0.55007,7.3471e-05
402.2,0.55015,7.1479e-05
403.2,0.55022,6.9541e-05
404.2,0.55029,6.7654e-05
405.2,0.55035,6.5818e-05
406.2,0.55042,6.4031e-05
407.2,0.55048,6.2292e-05
408.2,0.55054,6.06e-05
409.2,0.5506,5.8953e-05
410.21,0.55066,5.735e-05
411.21,0.55072,5.579e-05
412.21,0.55077,5.4273e-05
413.21,0.55083,5.2796e-05
414.21,0.55088,5.1359e-05
415.21,0.55093,4.9961e-05
416.21,0.55098,4.86e-05
417.21,0.55103,4.7276e-05
418.21,0.55107,4.5988e-05
419.21,0.55112,4.4735e-05
420.21,0.55116,4.3515e-05
421.21,0.5512,4.2329e-05
422.21,0.55125,4.1175e-05
423.21,0.55129,4.0051e-05
424.21,0.55133,3.8959e-05
425.21,0.55136,3.7895e-05
426.21,0.5514,3.6861e-05
427.21,0.55144,3.5855e-05
428.21,0.55147,3.4876e-05
429.21,0.55151,3.3923e-05
430.22,0.55154,3.2997e-05
431.22,0.55157,3.2095e-05
432.22,0.55161,3.1218e-05
433.22,0.55164,3.0365e-05
434.22,0.55167,2.9535e-05
435.22,0.5517,2.8727e-05
436.22,0.55172,2.7942e-05
437.22,0.55175,2.7178e-05
438.22,0.55178,2.6435e-05
439.22,0.5518,2.5711e-05
440.22,0.55183,2.5008e-05
441.22,0.55185,2.4324e-05
442.22,0.55188,2.3658e-05
443.22,0.5519,2.3011e-05
444.22,0.55192,2.2381e-05
445.22,0.55195,2.1768e-05
446.22,0.55197,2.1172e-05
447.22,0.55199,2.0592e-05
448.22,0.55201,2.0028e-05
449.22,0.55203,1.948e-05
450.23,0.55205,1.8946e-05
451.23,0.55207,1.8427e-05
452.23,0.55209,1.7923e-05
453.23,0.5521,1.7431e-05
454.23,0.55212,1.6954e-05
455.23,0.55214,1.6489e-05
456.23,0.55215,1.6037e-05
457.23,0.55217,1.5598e-05
458.23,0.55218,1.517e-05
459.23,0.5522,1.4754e-05
460.23,0.55221,1.435e-05
461.23,0.55223,1.3956e-05
462.23,0.55224,1.3574e-05
463.23,0.55226,1.3202e-05
464.23,0.55227,1.284e-05
465.23,0.55228,1.2487e-05
466.23,0.55229,1.2145e-05
467.23,0.55231,1.1812e-05
468.23,0.55232,1.1488e-05
469.23,0.55233,1.1173e-05
470.24,0.55234,1.0866e-05
471.24,0.55235,1.0568e-05
472.24,0.55236,1.0278e-05
473.24,0.55237,9.9961e-06
474.24,0.55238,9.7218e-06
475.24,0.55239,9.455e-06
476.24,0.5524,9.1956e-06
477.24,0.55241,8.9432e-06
478.24,0.55242,8.6978e-06
479.24,0.55243,8.459e-06
480.24,0.55243,8.2269e-06
481.24,0.55244,8.0011e-06
482.24,0.55245,7.7814e-06
483.24,0.55246,7.5678e-06
484.24,0.55247,7.3601e-06
485.24,0.55247,7.158e-06
486.24,0.55248,6.9615e-06
487.24,0.55249,6.7704e-06
488.24,0.55249,6.5845e-06
489.24,0.5525,6.4037e-06
490.25,0.55251,6.2279e-06
491.25,0.55251,6.0568e-06
492.25,0.55252,5.8905e-06
493.25,0.55252,5.7288e-06
494.25,0.55253,5.5714e-06
495.25,0.55253,5.4184e-06
496.25,0.55254,5.2696e-06
497.25,0.55255,5.1249e-06
498.25,0.55255,4.9842e-06
499.25,0.55256,4.8473e-06
500.25,0.55256,4.7141e-06
501.25,0.55256,4.5846e-06
502.25,0.55257,4.4587e-06
503.25,0.55257,4.3362e-06
504.25,0.55258,4.2171e-06
505.25,0.55258,4.1013e-06
506.25,0.55259,3.9886e-06
507.25,0.55259,3.8791e-06
508.25,0.55259,3.7725e-06
509.25,0.5526,3.6689e-06
510.26,0.5526,3.5681e-06
511.26,0.5526,3.47e-06
512.26,0.55261,3.3747e-06
513.26,0.55261,3.282e-06
514.26,0.55261,3.1918e-06
515.26,0.55262,3.1041e-06
516.26,0.55262,3.0188e-06
517.26,0.55262,2.9359e-06
518.26,0.55263,2.8552e-06
519.26,0.55263,2.7768e-06
520.26,0.55263,2.7005e-06
521.26,0.55264,2.6263e-06
522.26,0.55264,2.5541e-06
523.26,0.55264,2.4839e-06
524.26,0.55264,2.4157e-06
525.26,0.55265,2.3493e-06
526.26,0.55265,2.2847e-06
527.26,0.55265,2.222e-06
528.26,0.55265,2.1609e-06
529.26,0.55265,2.1015e-06
530.27,0.55266,2.0438e-06
531.27,0.55266,1.9876e-06
532.27,0.55266,1.933e-06
533.27,0.55266,1.8799e-06
534.27,0.55266,1.8282e-06
535.27,0.55267,1.778e-06
536.27,0.55267,1.7291e-06
537.27,0.55267,1.6816e-06
538.27,0.55267,1.6354e-06
539.27,0.55267,1.5904e-06
540.27,0.55267,1.5467e-06
541.27,0.55268,1.5042e-06
542.27,0.55268,1.4629e-06
543.27,0.55268,1.4227e-06
544.27,0.55268,1.3836e-06
545.27,0.55268,1.3455e-06
546.27,0.55268,1.3086e-06
547.27,0.55268,1.2726e-06
548.27,0.55269,1.2376e-06
549.27,0.55269,1.2036e-06
550.28,0.55269,1.1705e-06
551.28,0.55269,1.1383e-06
552.28,0.55269,1.1071e-06
553.28,0.55269,1.0766e-06
554.28,0.55269,1.047e-06
555.28,0.55269,1.0183e-06
556.28,0.55269,9.9027e-07
557.28,0.55269,9.6305e-07
558.28,0.5527,9.3658e-07
559.28,0.5527,9.1084e-07
560.28,0.5527,8.858e-07
561.28,0.5527,8.6145e-07
562.28,0.5527,8.3778e-07
563.28,0.5527,8.1475e-07
564.28,0.5527,7.9235e-07
565.28,0.5527,7.7057e-07
566.28,0.5527,7.4939e-07
567.28,0.5527,7.2879e-07
568.28,0.5527,7.0876e-07
569.28,0.5527,6.8928e-07
570.29,0.55271,6.7033e-07
571.29,0.55271,6.5191e-07
572.29,0.55271,6.3399e-07
573.29,0.55271,6.1656e-07
574.29,0.55271,5.9961e-07
575.29,0.55271,5.8313e-07
576.29,0.55271,5.671e-07
577.29,0.55271,5.5151e-07
578.29,0.55271,5.3635e-07
579.29,0.55271,5.2161e-07
580.29,0.55271,5.0727e-07
581.29,0.55271,4.9333e-07
582.29,0.55271,4.7977e-07
583.29,0.55271,4.6658e-07
584.29,0.55271,4.5375e-07
585.29,0.55271,4.4128e-07
586.29,0.55271,4.2915e-07
587.29,0.55271,4.1735e-07
588.29,0.55271,4.0588e-07
589.29,0.55272,3.9472e-07
590.3,0.55272,3.8387e-07
591.3,0.55272,3.7332e-07
592.3,0.55272,3.6306e-07
593.3,0.55272,3.5308e-07
594.3,0.55272,3.4337e-07
595.3,0.55272,3.3393e-07
596.3,0.55272,3.2475e-07
597.3,0.55272,3.1583e-07
598.3,0.55272,3.0714e-07
599.3,0.55272,2.987e-07
600.3,0.55272,2.9049e-07
601.3,0.55272,2.825e-07
602.3,0.55272,2.7474e-07
603.3,0.55272,2.6719e-07
604.3,0.55272,2.5984e-07
605.3,0.55272,2.527e-07
606.3,0.55272,2.4575e-07
607.3,0.55272,2.39e-07
608.3,0.55272,2.3243e-07
609.3,0.55272,2.2604e-07
610.31,0.55272,2.1982e-07
611.31,0.55272,2.1378e-07
612.31,0.55272,2.079e-07
613.31,0.55272,2.0219e-07
614.31,0.55272,1.9663e-07
615.31,0.55272,1.9122e-07
616.31,0.55272,1.8597e-07
617.31,0.55272,1.8085e-07
618.31,0.55272,1.7588e-07
619.31,0.55272,1.7105e-07
620.31,0.55272,1.6635e-07
621.31,0.55272,1.6177e-07
622.31,0.55272,1.5733e-07
623.31,0.55272,1.53e-07
624.31,0.55272,1.4879e-07
625.31,0.55272,1.447e-07
626.31,0.55272,1.4073e-07
627.31,0.55272,1.3686e-07
628.31,0.55272,1.331e-07
629.31,0.55272,1.2944e-07
630.32,0.55273,1.2588e-07
631.32,0.55273,1.2242e-07
632.32,0.55273,1.1905e-07
633.32,0.55273,1.1578e-07
634.32,0.55273,1.126e-07
635.32,0.55273,1.095e-07
636.32,0.55273,1.0649e-07
637.32,0.55273,1.0356e-07
638.32,0.55273,1.0072e-07
639.32,0.55273,9.7948e-08
640.32,0.55273,9.5255e-08
641.32,0.55273,9.2637e-08
642.32,0.55273,9.009e-08
643.32,0.55273,8.7614e-08
644.32,0.55273,8.5205e-08
645.32,0.55273,8.2863e-08
646.32,0.55273,8.0585e-08
647.32,0.55273,7.8369e-08
648.32,0.55273,7.6215e-08
649.32,0.55273,7.412e-08
650.33,0.55273,7.2082e-08
651.33,0.55273,7.0101e-08
652.33,0.55273,6.8173e-08
653.33,0.55273,6.6299e-08
654.33,0.55273,6.4477e-08
655.33,0.55273,6.2704e-08
656.33,0.55273,6.098e-08
657.33,0.55273,5.9304e-08
658.33,0.55273,5.7674e-08
659.33,0.55273,5.6088e-08
660.33,0.55273,5.4546e-08
661.33,0.55273,5.3047e-08
662.33,0.55273,5.1588e-08
663.33,0.55273,5.017e-08
664.33,0.55273,4.8791e-08
665.33,0.55273,4.745e-08
666.33,0.55273,4.6145e-08
667.33,0.55273,4.4877e-08
668.33,0.55273,4.3643e-08
669.33,0.55273,4.2443e-08
670.34,0.55273,4.1276e-08
671.34,0.55273,4.0142e-08
672.34,0.55273,3.9038e-08
673.34,0.55273,3.7965e-08
674.34,0.55273,3.6921e-08
675.34,0.55273,3.5906e-08
676.34,0.55273,3.4919e-08
677.34,0.55273,3.3959e-08
678.34,0.55273,3.3026e-08
679.34,0.55273,3.2118e-08
680.34,0.55273,3.1235e-08
681.34,0.55273,3.0376e-08
682.34,0.55273,2.9541e-08
683.34,0.55273,2.8729e-08
684.34,0.55273,2.7939e-08
685.34,0.55273,2.7171e-08
686.34,0.55273,2.6424e-08
687.34,0.55273,2.5698e-08
688.34,0.55273,2.4991e-08
689.34,0.55273,2.4304e-08
690.35,0.55273,2.3636e-08
691.35,0.55273,2.2986e-08
692.35,0.55273,2.2354e-08
693.35,0.55273,2.174e-08
694.35,0.55273,2.1142e-08
695.35,0.55273,2.0561e-08
696.35,0.55273,1.9996e-08
697.35,0.55273,1.9446e-08
698.35,0.55273,1.8911e-08
699.35,0.55273,1.8392e-08
700.35,0.55273,1.7886e-08
701.35,0.55273,1.7394e-08
702.35,0.55273,1.6916e-08
703.35,0.55273,1.6451e-08
704.35,0.55273,1.5999e-08
705.35,0.55273,1.5559e-08
706.35,0.55273,1.5131e-08
707.35,0.55273,1.4715e-08
708.35,0.55273,1.4311e-08
709.35,0.55273,1.3917e-08
710.36,0.55273,1.3535e-08
711.36,0.55273,1.3163e-08
712.36,0.55273,1.2801e-08
713.36,0.55273,1.2449e-08
714.36,0.55273,1.2107e-08
715.36,0.55273,1.1774e-08
716.36,0.55273,1.145e-08
717.36,0.55273,1.1135e-08
718.36,0.55273,1.0829e-08
719.36,0.55273,1.0531e-08
720.36,0.55273,1.0242e-08
721.36,0.55273,9.9604e-09
722.36,0.55273,9.6866e-09
723.36,0.55273,9.4203e-09
724.36,0.55273,9.1613e-09
725.36,0.55273,8.9095e-09
726.36,0.55273,8.6645e-09
727.36,0.55273,8.4263e-09
728.36,0.55273,8.1947e-09
729.36,0.55273,7.9694e-09
730.37,0.55273,7.7503e-09
731.37,0.55273,7.5372e-09
732.37,0.55273,7.33e-09
733.37,0.55273,7.1285e-09
734.37,0.55273,6.9326e-09
735.37,0.55273,6.742e-09
736.37,0.55273,6.5566e-09
737.37,0.55273,6.3764e-09
738.37,0.55273,6.2011e-09
739.37,0.55273,6.0306e-09
740.37,0.55273,5.8648e-09
741.37,0.55273,5.7036e-09
742.37,0.55273,5.5468e-09
743.37,0.55273,5.3943e-09
744.37,0.55273,5.246e-09
745.37,0.55273,5.1018e-09
746.37,0.55273,4.9615e-09
747.37,0.55273,4.8251e-09
748.37,0.55273,4.6925e-09
749.37,0.55273,4.5635e-09
750.38,0.55273,4.438e-09
751.38,0.55273,4.316e-09
752.38,0.55273,4.1974e-09
753.38,0.55273,4.082e-09
754.38,0.55273,3.9698e-09
755.38,0.55273,3.8606e-09
756.38,0.55273,3.7545e-09
757.38,0.55273,3.6513e-09
758.38,0.55273,3.5509e-09
759.38,0.55273,3.4533e-09
760.38,0.55273,3.3584e-09
761.38,0.55273,3.266e-09
762.38,0.55273,3.1762e-09
763.38,0.55273,3.0889e-09
764.38,0.55273,3.004e-09
765.38,0.55273,2.9214e-09
766.38,0.55273,2.8411e-09
767.38,0.55273,2.763e-09
768.38,0.55273,2.6871e-09
769.38,0.55273,2.6132e-09
770.39,0.55273,2.5413e-09
771.39,0.55273,2.4715e-09
772.39,0.55273,2.4035e-09
773.39,0.55273,2.3375e-09
774.39,0.55273,2.2732e-09
775.39,0.55273,2.2107e-09
776.39,0.55273,2.1499e-09
777.39,0.55273,2.0908e-09
778.39,0.55273,2.0333e-09
779.39,0.55273,1.9774e-09
780.39,0.55273,1.9231e-09
781.39,0.55273,1.8702e-09
782.39,0.55273,1.8188e-09
783.39,0.55273,1.7688e-09
784.39,0.55273,1.7202e-09
785.39,0.55273,1.6729e-09
786.39,0.55273,1.6269e-09
787.39,0.55273,1.5822e-09
788.39,0.55273,1.5387e-09
789.39,0.55273,1.4964e-09
790.4,0.55273,1.4552e-09
791.4,0.55273,1.4152e-09
792.4,0.55273,1.3763e-09
793.4,0.55273,1.3385e-09
794.4,0.55273,1.3017e-09
795.4,0.55273,1.2659e-09
796.4,0.55273,1.2311e-09
797.4,0.55273,1.1973e-09
798.4,0.55273,1.1643e-09
799.4,0.55273,1.1323e-09
800.4,0.55273,1.1012e-09
801.4,0.55273,1.0709e-09
802.4,0.55273,1.0415e-09
803.4,0.55273,1.0129e-09
804.4,0.55273,9.8502e-10
805.4,0.55273,9.5794e-10
806.4,0.55273,9.3161e-10
807.4,0.55273,9.0599e-10
808.4,0.55273,8.8109e-10
809.4,0.55273,8.5687e-10
810.41,0.55273,8.3331e-10
811.41,0.55273,8.104e-10
812.41,0.55273,7.8812e-10
813.41,0.55273,7.6646e-10
814.41,0.55273,7.4539e-10
815.41,0.55273,7.2489e-10
816.41,0.55273,7.0497e-10
817.41,0.55273,6.8559e-10
818.41,0.55273,6.6674e-10
819.41,0.55273,6.4841e-10
820.41,0.55273,6.3058e-10
821.41,0.55273,6.1325e-10
822.41,0.55273,5.9639e-10
823.41,0.55273,5.7999e-10
824.41,0.55273,5.6405e-10
825.41,0.55273,5.4854e-10
826.41,0.55273,5.3346e-10
827.41,0.55273,5.188e-10
828.41,0.55273,5.0453e-10
829.41,0.55273,4.9066e-10
830.42,0.55273,4.7718e-10
831.42,0.55273,4.6406e-10
832.42,0.55273,4.513e-10
833.42,0.55273,4.3889e-10
834.42,0.55273,4.2683e-10
835.42,0.55273,4.1509e-10
836.42,0.55273,4.0368e-10
837.42,0.55273,3.9258e-10
838.42,0.55273,3.8179e-10
839.42,0.55273,3.713e-10
840.42,0.55273,3.6109e-10
841.42,0.55273,3.5116e-10
842.42,0.55273,3.4151e-10
843.42,0.55273,3.3212e-10
844.42,0.55273,3.2299e-10
845.42,0.55273,3.1411e-10
846.42,0.55273,3.0547e-10
847.42,0.55273,2.9708e-10
848.42,0.55273,2.8891e-10
849.42,0.55273,2.8097e-10
850.43,0.55273,2.7324e-10
851.43,0.55273,2.6573e-10
852.43,0.55273,2.5843e-10
853.43,0.55273,2.5132e-10
854.43,0.55273,2.4441e-10
855.43,0.55273,2.3769e-10
856.43,0.55273,2.3116e-10
857.43,0.55273,2.248e-10
858.43,0.55273,2.1862e-10
859.43,0.55273,2.1261e-10
860.43,0.55273,2.0677e-10
861.43,0.55273,2.0108e-10
862.43,0.55273,1.9556e-10
863.43,0.55273,1.9018e-10
864.43,0.55273,1.8495e-10
865.43,0.55273,1.7987e-10
866.43,0.55273,1.7492e-10
867.43,0.55273,1.7011e-10
868.43,0.55273,1.6544e-10
869.43,0.55273,1.6089e-10
870.44,0.55273,1.5647e-10
871.44,0.55273,1.5217e-10
872.44,0.55273,1.4798e-10
873.44,0.55273,1.4391e-10
874.44,0.55273,1.3996e-10
875.44,0.55273,1.3611e-10
876.44,0.55273,1.3237e-10
877.44,0.55273,1.2873e-10
878.44,0.55273,1.2519e-10
879.44,0.55273,1.2175e-10
880.44,0.55273,1.184e-10
881.44,0.55273,1.1515e-10
882.44,0.55273,1.1198e-10
883.44,0.55273,1.089e-10
884.44,0.55273,1.0591e-10
885.44,0.55273,1.03e-10
886.44,0.55273,1.0017e-10
887.44,0.55273,9.7412e-11
888.44,0.55273,9.4734e-11
889.44,0.55273,9.213e-11
890.45,0.55273,8.9597e-11
891.45,0.55273,8.7134e-11
892.45,0.55273,8.4738e-11
893.45,0.55273,8.2409e-11
894.45,0.55273,8.0143e-11
895.45,0.55273,7.794e-11
896.45,0.55273,7.5797e-11
897.45,0.55273,7.3714e-11
898.45,0.55273,7.1687e-11
899.45,0.55273,6.9716e-11
900.45,0.55273,6.78e-11
901.45,0.55273,6.5936e-11
902.45,0.55273,6.4123e-11
903.45,0.55273,6.2361e-11
904.45,0.55273,6.0646e-11
905.45,0.55273,5.8979e-11
906.45,0.55273,5.7358e-11
907.45,0.55273,5.5781e-11
908.45,0.55273,5.4247e-11
909.45,0.55273,5.2756e-11
910.46,0.55273,5.1306e-11
911.46,0.55273,4.9895e-11
912.46,0.55273,4.8523e-11
913.46,0.55273,4.7189e-11
914.46,0.55273,4.5892e-11
915.46,0.55273,4.4631e-11
916.46,0.55273,4.3404e-11
917.46,0.55273,4.221e-11
918.46,0.55273,4.105e-11
919.46,0.55273,3.9921e-11
920.46,0.55273,3.8824e-11
921.46,0.55273,3.7757e-11
922.46,0.55273,3.6719e-11
923.46,0.55273,3.5709e-11
924.46,0.55273,3.4728e-11
925.46,0.55273,3.3773e-11
926.46,0.55273,3.2844e-11
927.46,0.55273,3.1941e-11
928.46,0.55273,3.1063e-11
929.46,0.55273,3.0209e-11
930.47,0.55273,2.9379e-11
931.47,0.55273,2.8571e-11
932.47,0.55273,2.7786e-11
933.47,0.55273,2.7022e-11
934.47,0.55273,2.6279e-11
935.47,0.55273,2.5557e-11
936.47,0.55273,2.4854e-11
937.47,0.55273,2.4171e-11
938.47,0.55273,2.3506e-11
939.47,0.55273,2.286e-11
940.47,0.55273,2.2232e-11
941.47,0.55273,2.1621e-11
942.47,0.55273,2.1026e-11
943.47,0.55273,2.0448e-11
944.47,0.55273,1.9886e-11
945.47,0.55273,1.9339e-11
946.47,0.55273,1.8808e-11
947.47,0.55273,1.8291e-11
948.47,0.55273,1.7788e-11
949.47,0.55273,1.7299e-11
950.48,0.55273,1.6823e-11
951.48,0.55273,1.6361e-11
952.48,0.55273,1.5911e-11
953.48,0.55273,1.5473e-11
954.48,0.55273,1.5048e-11
955.48,0.55273,1.4634e-11
956.48,0.55273,1.4232e-11
957.48,0.55273,1.3841e-11
958.48,0.55273,1.346e-11
959.48,0.55273,1.309e-11
960.48,0.55273,1.273e-11
961.48,0.55273,1.238e-11
962.48,0.55273,1.204e-11
963.48,0.55273,1.1709e-11
964.48,0.55273,1.1387e-11
965.48,0.55273,1.1074e-11
966.48,0.55273,1.077e-11
967.48,0.55273,1.0474e-11
968.48,0.55273,1.0186e-11
969.48,0.55273,9.9057e-12
970.49,0.55273,9.6334e-12
971.49,0.55273,9.3685e-12
972.49,0.55273,9.111e-12
973.49,0.55273,8.8605e-12
974.49,0.55273,8.6169e-12
975.49,0.55273,8.3801e-12
976.49,0.55273,8.1497e-12
977.49,0.55273,7.9256e-12
978.49,0.55273,7.7078e-12
979.49,0.55273,7.4958e-12
980.49,0.55273,7.2898e-12
981.49,0.55273,7.0894e-12
982.49,0.55273,6.8945e-12
983.49,0.55273,6.7049e-12
984.49,0.55273,6.5206e-12
985.49,0.55273,6.3414e-12
986.49,0.55273,6.167e-12
987.49,0.55273,5.9976e-12
988.49,0.55273,5.8326e-12
989.49,0.55273,5.6722e-12
990.5,0.55273,5.5163e-12
991.5,0.55273,5.3647e-12
992.5,0.55273,5.2172e-12
993.5,0.55273,5.0738e-12
994.5,0.55273,4.9343e-12
995.5,0.55273,4.7986e-12
996.5,0.55273,4.6667e-12
997.5,0.55273,4.5384e-12
998.5,0.55273,4.4136e-12
999.5,0.55273,4.2924e-12
1000.5,0.55273,4.1743e-12
1001.5,0.55273,4.0596e-12
1002.5,0.55273,3.948e-12
1003.5,0.55273,3.8395e-12
1004.5,0.55273,3.7339e-12
1005.5,0.55273,3.6312e-12
1006.5,0.55273,3.5314e-12
1007.5,0.55273,3.4344e-12
1008.5,0.55273,3.3399e-12
1009.5,0.55273,3.2481e-12
1010.5,0.55273,3.1588e-12
1011.5,0.55273,3.0719e-12
1012.5,0.55273,2.9874e-12
1013.5,0.55273,2.9054e-12
1014.5,0.55273,2.8255e-12
1015.5,0.55273,2.7478e-12
1016.5,0.55273,2.6723e-12
1017.5,0.55273,2.5988e-12
1018.5,0.55273,2.5274e-12
1019.5,0.55273,2.458e-12
1020.5,0.55273,2.3903e-12
1021.5,0.55273,2.3246e-12
1022.5,0.55273,2.2607e-12
1023.5,0.55273,2.1986e-12
1024.5,0.55273,2.1381e-12
1025.5,0.55273,2.0793e-12
1026.5,0.55273,2.0222e-12
1027.5,0.55273,1.9666e-12
1028.5,0.55273,1.9126e-12
1029.5,0.55273,1.86e-12
1030.5,0.55273,1.8088e-12
1031.5,0.55273,1.759e-12
1032.5,0.55273,1.7108e-12
1033.5,0.55273,1.6637e-12
1034.5,0.55273,1.618e-12
1035.5,0.55273,1.5735e-12
1036.5,0.55273,1.5302e-12
1037.5,0.55273,1.4882e-12
1038.5,0.55273,1.4472e-12
1039.5,0.55273,1.4074e-12
1040.5,0.55273,1.3688e-12
1041.5,0.55273,1.3312e-12
1042.5,0.55273,1.2946e-12
1043.5,0.55273,1.2589e-12
1044.5,0.55273,1.2243e-12
1045.5,0.55273,1.1907e-12
1046.5,0.55273,1.1579e-12
1047.5,0.55273,1.1261e-12
1048.5,0.55273,1.0952e-12
1049.5,0.55273,1.065e-12
1050.5,0.55273,1.0358e-12
1051.5,0.55273,1.0073e-12
1052.5,0.55273,9.7956e-13
1053.5,0.55273,9.5271e-13
1054.5,0.55273,9.2652e-13
1055.5,0.55273,9.0099e-13
1056.5,0.55273,8.7619e-13
1057.5,0.55273,8.5217e-13
1058.5,0.55273,8.2876e-13
1059.5,0.55273,8.0595e-13
1060.5,0.55273,7.8376e-13
1061.5,0.55273,7.6223e-13
1062.5,0.55273,7.4137e-13
1063.5,0.55273,7.209e-13
1064.5,0.55273,7.0109e-13
1065.5,0.55273,6.8184e-13
1066.5,0.55273,6.6308e-13
1067.5,0.55273,6.4488e-13
1068.5,0.55273,6.2713e-13
1069.5,0.55273,6.0982e-13
1070.5,0.55273,5.9306e-13
1071.5,0.55273,5.7686e-13
1072.5,0.55273,5.6099e-13
1073.5,0.55273,5.4551e-13
1074.5,0.55273,5.3053e-13
1075.5,0.55273,5.1594e-13
1076.5,0.55273,5.0174e-13
1077.5,0.55273,4.8798e-13
1078.5,0.55273,4.7449e-13
1079.5,0.55273,4.6146e-13
1080.5,0.55273,4.4886e-13
1081.5,0.55273,4.3654e-13
1082.5,0.55273,4.245e-13
1083.5,0.55273,4.1285e-13
1084.5,0.55273,4.0148e-13
1085.5,0.55273,3.9038e-13
1086.5,0.55273,3.7962e-13
1087.5,0.55273,3.6924e-13
1088.5,0.55273,3.5914e-13
1089.5,0.55273,3.4921e-13
1090.5,0.55273,3.3967e-13
1091.5,0.55273,3.3035e-13
1092.5,0.55273,3.2125e-13
1093.5,0.55273,3.1237e-13
1094.5,0.55273,3.0377e-13
1095.5,0.55273,2.9539e-13
1096.5,0.55273,2.8729e-13
1097.5,0.55273,2.7953e-13
1098.5,0.55273,2.7176e-13
1099.5,0.55273,2.6427e-13
1100.6,0.55273,2.57e-13
1101.6,0.55273,2.499e-13
1102.6,0.55273,2.4307e-13
1103.6,0.55273,2.3636e-13
1104.6,0.55273,2.2992e-13
1105.6,0.55273,2.236e-13
1106.6,0.55273,2.1733e-13
1107.6,0.55273,2.1145e-13
1108.6,0.55273,2.0568e-13
1109.6,0.55273,2.0002e-13
1110.6,0.55273,1.9452e-13
1111.6,0.55273,1.8909e-13
1112.6,0.55273,1.8387e-13
1113.6,0.55273,1.7888e-13
1114.6,0.55273,1.7394e-13
1115.6,0.55273,1.6922e-13
1116.6,0.55273,1.6462e-13
1117.6,0.55273,1.5996e-13
1118.6,0.55273,1.5558e-13
1119.6,0.55273,1.5136e-13
1120.6,0.55273,1.4714e-13
1121.6,0.55273,1.4315e-13
1122.6,0.55273,1.3921e-13
1123.6,0.55273,1.3527e-13
1124.6,0.55273,1.3161e-13
1125.6,0.55273,1.2811e-13
1126.6,0.55273,1.2456e-13
1127.6,0.55273,1.2106e-13
1128.6,0.55273,1.1768e-13
1129.6,0.55273,1.1452e-13
1130.6,0.55273,1.1141e-13
1131.6,0.55273,1.0825e-13
1132.6,0.55273,1.0531e-13
1133.6,0.55273,1.0248e-13
1134.6,0.55273,9.9648e-14
1135.6,0.55273,9.6874e-14
1136.6,0.55273,9.4211e-14
1137.6,0.55273,9.1603e-14
1138.6,0.55273,8.9106e-14
1139.6,0.55273,8.6665e-14
1140.6,0.55273,8.4279e-14
1141.6,0.55273,8.1949e-14
1142.6,0.55273,7.9674e-14
1143.6,0.55273,7.751e-14
1144.6,0.55273,7.5402e-14
1145.6,0.55273,7.3294e-14
1146.6,0.55273,7.1296e-14
1147.6,0.55273,6.9354e-14
1148.6,0.55273,6.7412e-14
1149.6,0.55273,6.5581e-14
1150.6,0.55273,6.375e-14
1151.6,0.55273,6.1975e-14
1152.6,0.55273,6.031e-14
1153.6,0.55273,5.8701e-14
1154.6,0.55273,5.7092e-14
1155.6,0.55273,5.5483e-14
1156.6,0.55273,5.393e-14
1157.6,0.55273,5.2432e-14
1158.6,0.55273,5.0989e-14
1159.6,0.55273,4.9602e-14
1160.6,0.55273,4.8326e-14
1161.6,0.55273,4.6939e-14
1162.6,0.55273,4.5607e-14
1163.6,0.55273,4.4387e-14
1164.6,0.55273,4.3166e-14
1165.6,0.55273,4.2056e-14
1166.6,0.55273,4.0836e-14
1167.6,0.55273,3.9671e-14
1168.6,0.55273,3.8561e-14
1169.6,0.55273,3.7562e-14
1170.6,0.55273,3.6508e-14
1171.6,0.55273,3.5509e-14
1172.6,0.55273,3.4566e-14
1173.6,0.55273,3.3567e-14
1174.6,0.55273,3.268e-14
1175.6,0.55273,3.1737e-14
1176.6,0.55273,3.0904e-14
1177.6,0.55273,3.0072e-14
1178.6,0.55273,2.9184e-14
1179.6,0.55273,2.8407e-14
1180.6,0.55273,2.7631e-14
1181.6,0.55273,2.6909e-14
1182.6,0.55273,2.6188e-14
1183.6,0.55273,2.5411e-14
1184.6,0.55273,2.4635e-14
1185.6,0.55273,2.3969e-14
1186.6,0.55273,2.3469e-14
1187.6,0.55273,2.2748e-14
1188.6,0.55273,2.2082e-14
1189.6,0.55273,2.1472e-14
1190.6,0.55273,2.0917e-14
1191.6,0.55273,2.0362e-14
1192.6,0.55273,1.9808e-14
1193.6,0.55273,1.9253e-14
1194.6,0.55273,1.8698e-14
1195.6,0.55273,1.8199e-14
1196.6,0.55273,1.7588e-14
1197.6,0.55273,1.72e-14
1198.6,0.55273,1.6756e-14
1199.6,0.55273,1.6257e-14
1200.6,0.55273,1.5868e-14
1201.6,0.55273,1.5424e-14
1202.6,0.55273,1.4981e-14
1203.6,0.55273,1.4537e-14
1204.6,0.55273,1.4148e-14
1205.6,0.55273,1.376e-14
1206.6,0.55273,1.3371e-14
1207.6,0.55273,1.3039e-14
1208.6,0.55273,1.265e-14
1209.6,0.55273,1.2317e-14
1210.6,0.55273,1.1984e-14
1211.6,0.55273,1.1652e-14
1212.6,0.55273,1.1319e-14
1213.6,0.55273,1.0986e-14
1214.6,0.55273,1.0708e-14
1215.6,0.55273,1.0431e-14
1216.6,0.55273,1.0153e-14
1217.6,0.55273,9.8206e-15
1218.6,0.55273,9.5431e-15
1219.6,0.55273,9.3212e-15
1220.6,0.55273,9.0993e-15
1221.6,0.55273,8.8219e-15
1222.6,0.55273,8.5444e-15
1223.6,0.55273,8.3225e-15
1224.6,0.55273,8.1006e-15
1225.6,0.55273,7.8786e-15
1226.6,0.55273,7.6567e-15
1227.6,0.55273,7.4348e-15
1228.6,0.55273,7.2683e-15
1229.6,0.55273,7.0464e-15
1230.6,0.55273,6.8799e-15
1231.6,0.55273,6.7135e-15
1232.6,0.55273,6.4916e-15
1233.6,0.55273,6.3251e-15
1234.6,0.55273,6.1032e-15
1235.6,0.55273,5.9367e-15
1236.6,0.55273,5.8258e-15
1237.6,0.55273,5.6593e-15
1238.6,0.55273,5.4929e-15
1239.6,0.55273,5.3264e-15
1240.6,0.55273,5.1045e-15
1241.6,0.55273,5.049e-15
1242.6,0.55273,4.9935e-15
1243.6,0.55273,4.7716e-15
1244.6,0.55273,4.6051e-15
1245.6,0.55273,4.4942e-15
1246.6,0.55273,4.3832e-15
1247.6,0.55273,4.2722e-15
1248.6,0.55273,4.1058e-15
1249.6,0.55273,4.0503e-15
1250.6,0.55273,4.0503e-15
1251.6,0.55273,3.8284e-15
1252.6,0.55273,3.6064e-15
1253.6,0.55273,3.6064e-15
1254.6,0.55273,3.5509e-15
1255.6,0.55273,3.44e-15
1256.6,0.55273,3.329e-15
1257.6,0.55273,3.1626e-15
1258.6,0.55273,3.1626e-15
1259.6,0.55273,3.0516e-15
1260.6,0.55273,2.9406e-15
1261.6,0.55273,2.8851e-15
1262.6,0.55273,2.8297e-15
1263.6,0.55273,2.7742e-15
1264.6,0.55273,2.6632e-15
1265.6,0.55273,2.6077e-15
1266.6,0.55273,2.4968e-15
1267.6,0.55273,2.4413e-15
1268.6,0.55273,2.3858e-15
1269.6,0.55273,2.2748e-15
1270.6,0.55273,2.2193e-15
1271.6,0.55273,2.1639e-15
1272.6,0.55273,2.1639e-15
1273.6,0.55273,2.1084e-15
1274.6,0.55273,1.9419e-15
1275.6,0.55273,1.9974e-15
1276.6,0.55273,1.9974e-15
1277.6,0.55273,1.831e-15
1278.6,0.55273,1.7755e-15
1279.6,0.55273,1.72e-15
1280.6,0.55273,1.6645e-15
1281.6,0.55273,1.6645e-15
1282.6,0.55273,1.609e-15
1283.6,0.55273,1.5535e-15
1284.6,0.55273,1.4981e-15
1285.6,0.55273,1.4981e-15
1286.6,0.55273,1.4981e-15
1287.6,0.55273,1.3871e-15
1288.6,0.55273,1.2761e-15
1289.6,0.55273,1.3316e-15
1290.6,0.55273,1.3871e-15
1291.6,0.55273,1.2761e-15
1292.6,0.55273,1.2206e-15
1293.6,0.55273,1.1652e-15
1294.6,0.55273,1.1652e-15
1295.6,0.55273,1.1097e-15
1296.6,0.55273,1.0542e-15
1297.6,0.55273,1.0542e-15
1298.6,0.55273,9.987e-16
1299.6,0.55273,9.987e-16
1300.7,0.55273,9.4322e-16
1301.7,0.55273,9.4322e-16
1302.7,0.55273,9.987e-16
1303.7,0.55273,9.4322e-16
1304.7,0.55273,8.3225e-16
1305.7,0.55273,8.3225e-16
1306.7,0.55273,8.3225e-16
1307.7,0.55273,7.7677e-16
1308.7,0.55273,7.7677e-16
1309.7,0.55273,7.7677e-16
1310.7,0.55273,7.2128e-16
1311.7,0.55273,7.2128e-16
1312.7,0.55273,6.658e-16
1313.7,0.55273,7.2128e-16
1314.7,0.55273,6.658e-16
1315.7,0.55273,5.5483e-16
1316.7,0.55273,7.2128e-16
1317.7,0.55273,6.1032e-16
1318.7,0.55273,4.9935e-16
1319.7,0.55273,5.5483e-16
1320.7,0.55273,5.5483e-16
1321.7,0.55273,5.5483e-16
1322.7,0.55273,5.5483e-16
1323.7,0.55273,5.5483e-16
1324.7,0.55273,5.5483e-16
1325.7,0.55273,4.4387e-16
1326.7,0.55273,4.4387e-16
1327.7,0.55273,4.9935e-16
1328.7,0.55273,4.4387e-16
1329.7,0.55273,3.8838e-16
1330.7,0.55273,3.8838e-16
1331.7,0.55273,4.4387e-16
1332.7,0.55273,3.8838e-16
1333.7,0.55273,3.8838e-16
1334.7,0.55273,4.4387e-16
1335.7,0.55273,3.329e-16
1336.7,0.55273,3.329e-16
1337.7,0.55273,3.8838e-16
1338.7,0.55273,3.329e-16
1339.7,0.55273,2.7742e-16
1340.7,0.55273,3.329e-16
1341.7,0.55273,3.329e-16
1342.7,0.55273,2.7742e-16
1343.7,0.55273,2.7742e-16
1344.7,0.55273,2.7742e-16
1345.7,0.55273,3.329e-16
1346.7,0.55273,2.7742e-16
1347.7,0.55273,2.7742e-16
1348.7,0.55273,2.2193e-16
1349.7,0.55273,2.2193e-16
1350.7,0.55273,2.7742e-16
1351.7,0.55273,2.7742e-16
1352.7,0.55273,2.2193e-16
1353.7,0.55273,1.6645e-16
1354.7,0.55273,2.2193e-16
1355.7,0.55273,2.2193e-16
1356.7,0.55273,1.6645e-16
1357.7,0.55273,2.2193e-16
1358.7,0.55273,2.2193e-16
1359.7,0.55273,1.6645e-16
1360.7,0.55273,2.2193e-16
1361.7,0.55273,1.6645e-16
1362.7,0.55273,1.1097e-16
1363.7,0.55273,1.6645e-16
1364.7,0.55273,2.2193e-16
1365.7,0.55273,1.6645e-16
1366.7,0.55273,1.1097e-16
1367.7,0.55273,1.1097e-16
1368.7,0.55273,1.6645e-16
1369.7,0.55273,1.6645e-16
1370.7,0.55273,1.6645e-16
1371.7,0.55273,1.1097e-16
1372.7,0.55273,5.5483e-17
1373.7,0.55273,1.6645e-16
1374.7,0.55273,1.6645e-16
1375.7,0.55273,1.1097e-16
1376.7,0.55273,1.1097e-16
1377.7,0.55273,1.6645e-16
1378.7,0.55273,1.6645e-16
1379.7,0.55273,5.5483e-17
1380.7,0.55273,5.5483e-17
1381.7,0.55273,1.1097e-16
1382.7,0.55273,1.1097e-16
1383.7,0.55273,5.5483e-17
1384.7,0.55273,1.1097e-16
1385.7,0.55273,1.1097e-16
1386.7,0.55273,5.5483e-17
1387.7,0.55273,1.1097e-16
1388.7,0.55273,1.1097e-16
1389.7,0.55273,5.5483e-17
1390.7,0.55273,0
1391.7,0.55273,1.1097e-16
1392.7,0.55273,1.6645e-16
1393.7,0.55273,5.5483e-17
1394.7,0.55273,5.5483e-17
1395.7,0.55273,5.5483e-17
1396.7,0.55273,5.5483e-17
1397.7,0.55273,5.5483e-17
1398.7,0.55273,5.5483e-17
1399.7,0.55273,5.5483e-17
1400.7,0.55273,1.1097e-16
1401.7,0.55273,1.1097e-16
1402.7,0.55273,5.5483e-17
1403.7,0.55273,5.5483e-17
1404.7,0.55273,0
1405.7,0.55273,0
1406.7,0.55273,5.5483e-17
1407.7,0.55273,5.5483e-17
1408.7,0.55273,5.5483e-17
1409.7,0.55273,5.5483e-17
1410.7,0.55273,0
1411.7,0.55273,1.1097e-16
1412.7,0.55273,1.1097e-16
1413.7,0.55273,0
1414.7,0.55273,0
1415.7,0.55273,5.5483e-17
1416.7,0.55273,5.5483e-17
1417.7,0.55273,0
1418.7,0.55273,5.5483e-17
1419.7,0.55273,5.5483e-17
1420.7,0.55273,0
1421.7,0.55273,0
1422.7,0.55273,5.5483e-17
1423.7,0.55273,5.5483e-17
1424.7,0.55273,0
1425.7,0.55273,0
1426.7,0.55273,5.5483e-17
1427.7,0.55273,5.5483e-17
1428.7,0.55273,0
1429.7,0.55273,0
1430.7,0.55273,0
1431.7,0.55273,0
1432.7,0.55273,1.1097e-16
1433.7,0.55273,1.1097e-16
1434.7,0.55273,0
1435.7,0.55273,0
1436.7,0.55273,0
1437.7,0.55273,0
1438.7,0.55273,5.5483e-17
1439.7,0.55273,5.5483e-17
1440.7,0.55273,0
1441.7,0.55273,0
1442.7,0.55273,0
1443.7,0.55273,0
1444.7,0.55273,5.5483e-17
1445.7,0.55273,5.5483e-17
1446.7,0.55273,0
1447.7,0.55273,0
1448.7,0.55273,0
1449.7,0.55273,0
1450.7,0.55273,0
1451.7,0.55273,0
1452.7,0.55273,0
1453.7,0.55273,0
1454.7,0.55273,0
1455.7,0.55273,0
1456.7,0.55273,5.5483e-17
1457.7,0.55273,5.5483e-17
1458.7,0.55273,0
1459.7,0.55273,0
1460.7,0.55273,0
1461.7,0.55273,0
1462.7,0.55273,0
1463.7,0.55273,0
1464.7,0.55273,0
1465.7,0.55273,0
1466.7,0.55273,0
1467.7,0.55273,1.1097e-16
1468.7,0.55273,1.1097e-16
1469.7,0.55273,0
1470.7,0.55273,0
1471.7,0.55273,0
1472.7,0.55273,0
1473.7,0.55273,0
1474.7,0.55273,0
1475.7,0.55273,0
1476.7,0.55273,0
1477.7,0.55273,0
1478.7,0.55273,0
1479.7,0.55273,0
1480.7,0.55273,0
1481.7,0.55273,0
1482.7,0.55273,0
1483.7,0.55273,5.5483e-17
1484.7,0.55273,5.5483e-17
1485.7,0.55273,0
1486.7,0.55273,0
1487.7,0.55273,0
1488.7,0.55273,0
1489.7,0.55273,0
1490.7,0.55273,0
1491.7,0.55273,0
1492.7,0.55273,0
1493.7,0.55273,0
1494.7,0.55273,0
1495.7,0.55273,0
1496.7,0.55273,0
1497.7,0.55273,0
1498.7,0.55273,0
1499.7,0.55273,0
1500.8,0.55273,0
1501.8,0.55273,0
1502.8,0.55273,0
1503.8,0.55273,0
1504.8,0.55273,0
1505.8,0.55273,0
1506.8,0.55273,0
1507.8,0.55273,0
1508.8,0.55273,0
1509.8,0.55273,0
1510.8,0.55273,0
1511.8,0.55273,0
1512.8,0.55273,0
1513.8,0.55273,0
1514.8,0.55273,5.5483e-17
1515.8,0.55273,5.5483e-17
1516.8,0.55273,0
1517.8,0.55273,0
1518.8,0.55273,0
1519.8,0.55273,0
1520.8,0.55273,0
1521.8,0.55273,0
1522.8,0.55273,0
1523.8,0.55273,0
1524.8,0.55273,0
1525.8,0.55273,0
1526.8,0.55273,0
1527.8,0.55273,0
1528.8,0.55273,0
1529.8,0.55273,0
1530.8,0.55273,0
1531.8,0.55273,0
1532.8,0.55273,0
1533.8,0.55273,0
1534.8,0.55273,0
1535.8,0.55273,0
1536.8,0.55273,0
1537.8,0.55273,0
1538.8,0.55273,0
1539.8,0.55273,0
1540.8,0.55273,0
1541.8,0.55273,0
1542.8,0.55273,0
1543.8,0.55273,0
1544.8,0.55273,0
1545.8,0.55273,0
1546.8,0.55273,0
1547.8,0.55273,0
1548.8,0.55273,0
1549.8,0.55273,0
1550.8,0.55273,0
1551.8,0.55273,0
1552.8,0.55273,0
1553.8,0.55273,0
1554.8,0.55273,0
1555.8,0.55273,0
1556.8,0.55273,0
1557.8,0.55273,0
1558.8,0.55273,0
1559.8,0.55273,0
1560.8,0.55273,0
1561.8,0.55273,0
1562.8,0.55273,0
1563.8,0.55273,0
1564.8,0.55273,0
1565.8,0.55273,0
1566.8,0.55273,0
1567.8,0.55273,0
1568.8,0.55273,0
1569.8,0.55273,0
1570.8,0.55273,0
1571.8,0.55273,0
1572.8,0.55273,0
1573.8,0.55273,0
1574.8,0.55273,0
1575.8,0.55273,0
1576.8,0.55273,0
1577.8,0.55273,0
1578.8,0.55273,0
1579.8,0.55273,0
1580.8,0.55273,0
1581.8,0.55273,0
1582.8,0.55273,0
1583.8,0.55273,0
1584.8,0.55273,0
1585.8,0.55273,0
1586.8,0.55273,0
1587.8,0.55273,0
1588.8,0.55273,0
1589.8,0.55273,0
1590.8,0.55273,0
1591.8,0.55273,0
1592.8,0.55273,0
1593.8,0.55273,0
1594.8,0.55273,0
1595.8,0.55273,0
1596.8,0.55273,0
1597.8,0.55273,0
1598.8,0.55273,0
1599.8,0.55273,0
1600.8,0.55273,0
1601.8,0.55273,0
1602.8,0.55273,0
1603.8,0.55273,0
1604.8,0.55273,0
1605.8,0.55273,0
1606.8,0.55273,0
1607.8,0.55273,0
1608.8,0.55273,0
1609.8,0.55273,0
1610.8,0.55273,0
1611.8,0.55273,0
1612.8,0.55273,0
1613.8,0.55273,0
1614.8,0.55273,0
1615.8,0.55273,0
1616.8,0.55273,0
1617.8,0.55273,0
1618.8,0.55273,0
1619.8,0.55273,0
1620.8,0.55273,0
1621.8,0.55273,0
1622.8,0.55273,0
1623.8,0.55273,0
1624.8,0.55273,0
1625.8,0.55273,0
1626.8,0.55273,0
1627.8,0.55273,0
1628.8,0.55273,0
1629.8,0.55273,0
1630.8,0.55273,0
1631.8,0.55273,0
1632.8,0.55273,0
1633.8,0.55273,0
1634.8,0.55273,0
1635.8,0.55273,0
1636.8,0.55273,0
1637.8,0.55273,0
1638.8,0.55273,0
1639.8,0.55273,0
1640.8,0.55273,0
1641.8,0.55273,0
1642.8,0.55273,0
1643.8,0.55273,0
1644.8,0.55273,0
1645.8,0.55273,0
1646.8,0.55273,0
1647.8,0.55273,0
1648.8,0.55273,0
1649.8,0.55273,0
1650.8,0.55273,0
1651.8,0.55273,0
1652.8,0.55273,0
1653.8,0.55273,0
1654.8,0.55273,0
1655.8,0.55273,0
1656.8,0.55273,0
1657.8,0.55273,0
1658.8,0.55273,0
1659.8,0.55273,0
1660.8,0.55273,0
1661.8,0.55273,0
1662.8,0.55273,0
1663.8,0.55273,0
1664.8,0.55273,0
1665.8,0.55273,0
1666.8,0.55273,0
1667.8,0.55273,0
1668.8,0.55273,0
1669.8,0.55273,0
1670.8,0.55273,0
1671.8,0.55273,0
1672.8,0.55273,0
1673.8,0.55273,0
1674.8,0.55273,0
1675.8,0.55273,0
1676.8,0.55273,0
1677.8,0.55273,0
1678.8,0.55273,0
1679.8,0.55273,0
1680.8,0.55273,0
1681.8,0.55273,0
1682.8,0.55273,0
1683.8,0.55273,0
1684.8,0.55273,0
1685.8,0.55273,0
1686.8,0.55273,0
1687.8,0.55273,0
1688.8,0.55273,0
1689.8,0.55273,0
1690.8,0.55273,0
1691.8,0.55273,0
1692.8,0.55273,0
1693.8,0.55273,0
1694.8,0.55273,0
1695.8,0.55273,0
1696.8,0.55273,0
1697.8,0.55273,0
1698.8,0.55273,0
1699.8,0.55273,0
1700.9,0.55273,0
1701.9,0.55273,0
1702.9,0.55273,0
1703.9,0.55273,0
1704.9,0.55273,0
1705.9,0.55273,0
1706.9,0.55273,0
1707.9,0.55273,0
1708.9,0.55273,0
1709.9,0.55273,0
1710.9,0.55273,0
1711.9,0.55273,0
1712.9,0.55273,0
1713.9,0.55273,0
1714.9,0.55273,0
1715.9,0.55273,0
1716.9,0.55273,0
1717.9,0.55273,0
1718.9,0.55273,0
1719.9,0.55273,0
1720.9,0.55273,0
1721.9,0.55273,0
1722.9,0.55273,0
1723.9,0.55273,0
1724.9,0.55273,0
1725.9,0.55273,0
1726.9,0.55273,0
1727.9,0.55273,0
1728.9,0.55273,0
1729.9,0.55273,0
1730.9,0.55273,0
1731.9,0.55273,0
1732.9,0.55273,0
1733.9,0.55273,0
1734.9,0.55273,0
1735.9,0.55273,0
1736.9,0.55273,0
1737.9,0.55273,0
1738.9,0.55273,0
1739.9,0.55273,0
1740.9,0.55273,0
1741.9,0.55273,0
1742.9,0.55273,0
1743.9,0.55273,0
1744.9,0.55273,0
1745.9,0.55273,0
1746.9,0.55273,0
1747.9,0.55273,0
1748.9,0.55273,0
1749.9,0.55273,0
1750.9,0.55273,0
1751.9,0.55273,0
1752.9,0.55273,0
1753.9,0.55273,0
1754.9,0.55273,0
1755.9,0.55273,0
1756.9,0.55273,0
1757.9,0.55273,0
1758.9,0.55273,0
1759.9,0.55273,0
1760.9,0.55273,0
1761.9,0.55273,0
1762.9,0.55273,0
1763.9,0.55273,0
1764.9,0.55273,0
1765.9,0.55273,0
1766.9,0.55273,0
1767.9,0.55273,0
1768.9,0.55273,0
1769.9,0.55273,0
1770.9,0.55273,0
1771.9,0.55273,0
1772.9,0.55273,0
1773.9,0.55273,0
1774.9,0.55273,0
1775.9,0.55273,0
1776.9,0.55273,0
1777.9,0.55273,0
1778.9,0.55273,0
1779.9,0.55273,0
1780.9,0.55273,0
1781.9,0.55273,0
1782.9,0.55273,0
1783.9,0.55273,0
1784.9,0.55273,0
1785.9,0.55273,0
1786.9,0.55273,0
1787.9,0.55273,0
1788.9,0.55273,0
1789.9,0.55273,0
1790.9,0.55273,0
1791.9,0.55273,0
1792.9,0.55273,0
1793.9,0.55273,0
1794.9,0.55273,0
1795.9,0.55273,0
1796.9,0.55273,0
1797.9,0.55273,0
1798.9,0.55273,0
1799.9,0.55273,0
1800.9,0.55273,0
1801.9,0.55273,0
1802.9,0.55273,0
1803.9,0.55273,0
1804.9,0.55273,0
1805.9,0.55273,0
1806.9,0.55273,0
1807.9,0.55273,0
1808.9,0.55273,0
1809.9,0.55273,0
1810.9,0.55273,0
1811.9,0.55273,0
1812.9,0.55273,0
1813.9,0.55273,0
1814.9,0.55273,0
1815.9,0.55273,0
1816.9,0.55273,0
1817.9,0.55273,0
1818.9,0.55273,0
1819.9,0.55273,0
1820.9,0.55273,0
1821.9,0.55273,0
1822.9,0.55273,0
1823.9,0.55273,0
1824.9,0.55273,0
1825.9,0.55273,0
1826.9,0.55273,0
1827.9,0.55273,0
1828.9,0.55273,0
1829.9,0.55273,0
1830.9,0.55273,0
1831.9,0.55273,0
1832.9,0.55273,0
1833.9,0.55273,0
1834.9,0.55273,0
1835.9,0.55273,0
1836.9,0.55273,0
1837.9,0.55273,0
1838.9,0.55273,0
1839.9,0.55273,0
1840.9,0.55273,0
1841.9,0.55273,0
1842.9,0.55273,0
1843.9,0.55273,0
1844.9,0.55273,0
1845.9,0.55273,0
1846.9,0.55273,0
1847.9,0.55273,0
1848.9,0.55273,0
1849.9,0.55273,0
1850.9,0.55273,0
1851.9,0.55273,0
1852.9,0.55273,0
1853.9,0.55273,0
1854.9,0.55273,0
1855.9,0.55273,0
1856.9,0.55273,0
1857.9,0.55273,0
1858.9,0.55273,0
1859.9,0.55273,0
1860.9,0.55273,0
1861.9,0.55273,0
1862.9,0.55273,0
1863.9,0.55273,0
1864.9,0.55273,0
1865.9,0.55273,0
1866.9,0.55273,0
1867.9,0.55273,0
1868.9,0.55273,0
1869.9,0.55273,0
1870.9,0.55273,0
1871.9,0.55273,0
1872.9,0.55273,0
1873.9,0.55273,0
1874.9,0.55273,0
1875.9,0.55273,0
1876.9,0.55273,0
1877.9,0.55273,0
1878.9,0.55273,0
1879.9,0.55273,0
1880.9,0.55273,0
1881.9,0.55273,0
1882.9,0.55273,0
1883.9,0.55273,0
1884.9,0.55273,0
1885.9,0.55273,0
1886.9,0.55273,0
1887.9,0.55273,0
1888.9,0.55273,0
1889.9,0.55273,0
1890.9,0.55273,0
1891.9,0.55273,0
1892.9,0.55273,0
1893.9,0.55273,0
1894.9,0.55273,0
1895.9,0.55273,0
1896.9,0.55273,0
1897.9,0.55273,0
1898.9,0.55273,0
1899.9,0.55273,0
1901,0.55273,0
1902,0.55273,0
1903,0.55273,0
1904,0.55273,0
1905,0.55273,0
1906,0.55273,0
1907,0.55273,0
1908,0.55273,0
1909,0.55273,0
1910,0.55273,0
1911,0.55273,0
1912,0.55273,0
1913,0.55273,0
1914,0.55273,0
1915,0.55273,0
1916,0.55273,0
1917,0.55273,0
1918,0.55273,0
1919,0.55273,0
1920,0.55273,0
1921,0.55273,0
1922,0.55273,0
1923,0.55273,0
1924,0.55273,0
1925,0.55273,0
1926,0.55273,0
1927,0.55273,0
1928,0.55273,0
1929,0.55273,0
1930,0.55273,0
1931,0.55273,0
1932,0.55273,0
1933,0.55273,0
1934,0.55273,0
1935,0.55273,0
1936,0.55273,0
1937,0.55273,0
1938,0.55273,0
1939,0.55273,0
1940,0.55273,0
1941,0.55273,0
1942,0.55273,0
1943,0.55273,0
1944,0.55273,0
1945,0.55273,0
1946,0.55273,0
1947,0.55273,0
1948,0.55273,0
1949,0.55273,0
1950,0.55273,0
1951,0.55273,0
1952,0.55273,0
1953,0.55273,0
1954,0.55273,0
1955,0.55273,0
1956,0.55273,0
1957,0.55273,0
1958,0.55273,0
1959,0.55273,0
1960,0.55273,0
1961,0.55273,0
1962,0.55273,0
1963,0.55273,0
1964,0.55273,0
1965,0.55273,0
1966,0.55273,0
1967,0.55273,0
1968,0.55273,0
1969,0.55273,0
1970,0.55273,0
1971,0.55273,0
1972,0.55273,0
1973,0.55273,0
1974,0.55273,0
1975,0.55273,0
1976,0.55273,0
1977,0.55273,0
1978,0.55273,0
1979,0.55273,0
1980,0.55273,0
1981,0.55273,0
1982,0.55273,0
1983,0.55273,0
1984,0.55273,0
1985,0.55273,0
1986,0.55273,0
1987,0.55273,0
1988,0.55273,0
1989,0.55273,0
1990,0.55273,0
1991,0.55273,0
1992,0.55273,0
1993,0.55273,0
1994,0.55273,0
1995,0.55273,0
1996,0.55273,0
1997,0.55273,0
1998,0.55273,0
1999,0.55273,0
2000,0.55273,0
